{
    "loss": 0.5526135563850403,
    "accuracy": 0.9224137663841248
}